student_id,school_year,semester,CODE,COURSE TITLE,SECTION,UNITS,SCHEDULE,ROOM,instructor
20240001,2025-2026,1st,ENT 104,Innovation Management,A,3,MWF/ 6:30-7:30 PM,CCB 10,
20240001,2025-2026,1st,NSTP 2,National Service Training Program,A,3,SAT/ 1:00-5:00 PM,CCB Grounds,
20240001,2025-2026,1st,EN OM,Enhancement Organization and Management,A,3,MWF/ 1:00-2:00 PM,CCB 10,
20240001,2025-2026,1st,BME 105,Operations Management (TQM),A,3,TTH/ 2:30-4:00 PM,CCB 6,
20240001,2025-2026,1st,EN BMKTG,Business Marketing,A,3,MWF/ 3:00-4:00 PM,CCB 4,
20240001,2025-2026,1st,ENT 103,Human Resource Management,A,3,MWF/ 5:30-6:30 PM,CCB 5,
20240001,2025-2026,1st,PATHFIT 2,Physical Activity Towards Health and Fitness,A,2,TTH/ 1:00-2:00 PM,CCB 4,
20240001,2025-2026,1st,GE 6,Purposive Communication,A,3,TTH/ 10:00-11:30 AM,CCB 9,
20240001,2025-2026,1st,ENT 102,Pricing and Costing,A,3,MWF/ 11:00-12:00 PM,CCB 6,
20240002,2025-2026,1st,EN OM,Enhancement Organization and Management,A,3,MWF/ 1:00-2:00 PM,CCB 10,
20240002,2025-2026,1st,ENT 103,Human Resource Management,A,3,MWF/ 5:30-6:30 PM,CCB 5,
20240002,2025-2026,1st,PATHFIT 2,Physical Activity Towards Health and Fitness,A,2,TTH/ 1:00-2:00 PM,CCB 4,
20240002,2025-2026,1st,NSTP 2,National Service Training Program,A,3,SAT/ 1:00-5:00 PM,CCB Grounds,
20240002,2025-2026,1st,GE 6,Purposive Communication,A,3,TTH/ 10:00-11:30 AM,CCB 9,
20240002,2025-2026,1st,ENT 104,Innovation Management,A,3,MWF/ 6:30-7:30 PM,CCB 10,
20240002,2025-2026,1st,BME 105,Operations Management (TQM),A,3,TTH/ 2:30-4:00 PM,CCB 6,
20240002,2025-2026,1st,ENT 102,Pricing and Costing,A,3,MWF/ 11:00-12:00 PM,CCB 6,
20240002,2025-2026,1st,EN BMKTG,Business Marketing,A,3,MWF/ 3:00-4:00 PM,CCB 4,
20240003,2025-2026,1st,ENT 103,Human Resource Management,A,3,MWF/ 5:30-6:30 PM,CCB 5,
20240003,2025-2026,1st,PATHFIT 2,Physical Activity Towards Health and Fitness,A,2,TTH/ 1:00-2:00 PM,CCB 4,
20240003,2025-2026,1st,EN OM,Enhancement Organization and Management,A,3,MWF/ 1:00-2:00 PM,CCB 10,
20240003,2025-2026,1st,EN BMKTG,Business Marketing,A,3,MWF/ 3:00-4:00 PM,CCB 4,
20240003,2025-2026,1st,NSTP 2,National Service Training Program,A,3,SAT/ 1:00-5:00 PM,CCB Grounds,
20240003,2025-2026,1st,ENT 102,Pricing and Costing,A,3,MWF/ 11:00-12:00 PM,CCB 6,
20240003,2025-2026,1st,BME 105,Operations Management (TQM),A,3,TTH/ 2:30-4:00 PM,CCB 6,
20240003,2025-2026,1st,GE 6,Purposive Communication,A,3,TTH/ 10:00-11:30 AM,CCB 9,
20240003,2025-2026,1st,ENT 104,Innovation Management,A,3,MWF/ 6:30-7:30 PM,CCB 10,
20240004,2025-2026,1st,EN BMKTG,Business Marketing,A,3,MWF/ 3:00-4:00 PM,CCB 4,
20240004,2025-2026,1st,EN OM,Enhancement Organization and Management,A,3,MWF/ 1:00-2:00 PM,CCB 10,
20240004,2025-2026,1st,PATHFIT 2,Physical Activity Towards Health and Fitness,A,2,TTH/ 1:00-2:00 PM,CCB 4,
20240004,2025-2026,1st,ENT 103,Human Resource Management,A,3,MWF/ 5:30-6:30 PM,CCB 5,
20240004,2025-2026,1st,ENT 104,Innovation Management,A,3,MWF/ 6:30-7:30 PM,CCB 10,
20240004,2025-2026,1st,ENT 102,Pricing and Costing,A,3,MWF/ 11:00-12:00 PM,CCB 6,
20240004,2025-2026,1st,NSTP 2,National Service Training Program,A,3,SAT/ 1:00-5:00 PM,CCB Grounds,
20240004,2025-2026,1st,GE 6,Purposive Communication,A,3,TTH/ 10:00-11:30 AM,CCB 9,
20240004,2025-2026,1st,BME 105,Operations Management (TQM),A,3,TTH/ 2:30-4:00 PM,CCB 6,
20240005,2025-2026,1st,BME 105,Operations Management (TQM),A,3,TTH/ 2:30-4:00 PM,CCB 6,
20240005,2025-2026,1st,ENT 103,Human Resource Management,A,3,MWF/ 5:30-6:30 PM,CCB 5,
20240005,2025-2026,1st,ENT 102,Pricing and Costing,A,3,MWF/ 11:00-12:00 PM,CCB 6,
20240005,2025-2026,1st,EN OM,Enhancement Organization and Management,A,3,MWF/ 1:00-2:00 PM,CCB 10,
20240005,2025-2026,1st,EN BMKTG,Business Marketing,A,3,MWF/ 3:00-4:00 PM,CCB 4,
20240005,2025-2026,1st,NSTP 2,National Service Training Program,A,3,SAT/ 1:00-5:00 PM,CCB Grounds,
20240005,2025-2026,1st,GE 6,Purposive Communication,A,3,TTH/ 10:00-11:30 AM,CCB 9,
20240005,2025-2026,1st,PATHFIT 2,Physical Activity Towards Health and Fitness,A,2,TTH/ 1:00-2:00 PM,CCB 4,
20240005,2025-2026,1st,ENT 104,Innovation Management,A,3,MWF/ 6:30-7:30 PM,CCB 10,
20240006,2025-2026,1st,ENT 103,Human Resource Management,A,3,MWF/ 5:30-6:30 PM,CCB 5,
20240006,2025-2026,1st,NSTP 2,National Service Training Program,A,3,SAT/ 1:00-5:00 PM,CCB Grounds,
20240006,2025-2026,1st,ENT 102,Pricing and Costing,A,3,MWF/ 11:00-12:00 PM,CCB 6,
20240006,2025-2026,1st,EN OM,Enhancement Organization and Management,A,3,MWF/ 1:00-2:00 PM,CCB 10,
20240006,2025-2026,1st,EN BMKTG,Business Marketing,A,3,MWF/ 3:00-4:00 PM,CCB 4,
20240006,2025-2026,1st,ENT 104,Innovation Management,A,3,MWF/ 6:30-7:30 PM,CCB 10,
20240006,2025-2026,1st,PATHFIT 2,Physical Activity Towards Health and Fitness,A,2,TTH/ 1:00-2:00 PM,CCB 4,
20240006,2025-2026,1st,GE 6,Purposive Communication,A,3,TTH/ 10:00-11:30 AM,CCB 9,
20240006,2025-2026,1st,BME 105,Operations Management (TQM),A,3,TTH/ 2:30-4:00 PM,CCB 6,
20240007,2025-2026,1st,ENT 102,Pricing and Costing,A,3,MWF/ 11:00-12:00 PM,CCB 6,
20240007,2025-2026,1st,GE 6,Purposive Communication,A,3,TTH/ 10:00-11:30 AM,CCB 9,
20240007,2025-2026,1st,ENT 104,Innovation Management,A,3,MWF/ 6:30-7:30 PM,CCB 10,
20240007,2025-2026,1st,ENT 103,Human Resource Management,A,3,MWF/ 5:30-6:30 PM,CCB 5,
20240007,2025-2026,1st,EN OM,Enhancement Organization and Management,A,3,MWF/ 1:00-2:00 PM,CCB 10,
20240007,2025-2026,1st,PATHFIT 2,Physical Activity Towards Health and Fitness,A,2,TTH/ 1:00-2:00 PM,CCB 4,
20240007,2025-2026,1st,NSTP 2,National Service Training Program,A,3,SAT/ 1:00-5:00 PM,CCB Grounds,
20240007,2025-2026,1st,BME 105,Operations Management (TQM),A,3,TTH/ 2:30-4:00 PM,CCB 6,
20240007,2025-2026,1st,EN BMKTG,Business Marketing,A,3,MWF/ 3:00-4:00 PM,CCB 4,
20240008,2025-2026,1st,NSTP 2,National Service Training Program,A,3,SAT/ 1:00-5:00 PM,CCB Grounds,
20240008,2025-2026,1st,BME 105,Operations Management (TQM),A,3,TTH/ 2:30-4:00 PM,CCB 6,
20240008,2025-2026,1st,ENT 104,Innovation Management,A,3,MWF/ 6:30-7:30 PM,CCB 10,
20240008,2025-2026,1st,EN OM,Enhancement Organization and Management,A,3,MWF/ 1:00-2:00 PM,CCB 10,
20240008,2025-2026,1st,ENT 103,Human Resource Management,A,3,MWF/ 5:30-6:30 PM,CCB 5,
20240008,2025-2026,1st,EN BMKTG,Business Marketing,A,3,MWF/ 3:00-4:00 PM,CCB 4,
20240008,2025-2026,1st,PATHFIT 2,Physical Activity Towards Health and Fitness,A,2,TTH/ 1:00-2:00 PM,CCB 4,
20240008,2025-2026,1st,GE 6,Purposive Communication,A,3,TTH/ 10:00-11:30 AM,CCB 9,
20240008,2025-2026,1st,ENT 102,Pricing and Costing,A,3,MWF/ 11:00-12:00 PM,CCB 6,
20240009,2025-2026,1st,GE 6,Purposive Communication,A,3,TTH/ 10:00-11:30 AM,CCB 9,
20240009,2025-2026,1st,EN OM,Enhancement Organization and Management,A,3,MWF/ 1:00-2:00 PM,CCB 10,
20240009,2025-2026,1st,EN BMKTG,Business Marketing,A,3,MWF/ 3:00-4:00 PM,CCB 4,
20240009,2025-2026,1st,ENT 102,Pricing and Costing,A,3,MWF/ 11:00-12:00 PM,CCB 6,
20240009,2025-2026,1st,ENT 103,Human Resource Management,A,3,MWF/ 5:30-6:30 PM,CCB 5,
20240009,2025-2026,1st,PATHFIT 2,Physical Activity Towards Health and Fitness,A,2,TTH/ 1:00-2:00 PM,CCB 4,
20240009,2025-2026,1st,ENT 104,Innovation Management,A,3,MWF/ 6:30-7:30 PM,CCB 10,
20240009,2025-2026,1st,BME 105,Operations Management (TQM),A,3,TTH/ 2:30-4:00 PM,CCB 6,
20240009,2025-2026,1st,NSTP 2,National Service Training Program,A,3,SAT/ 1:00-5:00 PM,CCB Grounds,
20240010,2025-2026,1st,EN BMKTG,Business Marketing,A,3,MWF/ 3:00-4:00 PM,CCB 4,
20240010,2025-2026,1st,EN OM,Enhancement Organization and Management,A,3,MWF/ 1:00-2:00 PM,CCB 10,
20240010,2025-2026,1st,ENT 103,Human Resource Management,A,3,MWF/ 5:30-6:30 PM,CCB 5,
20240010,2025-2026,1st,ENT 102,Pricing and Costing,A,3,MWF/ 11:00-12:00 PM,CCB 6,
20240010,2025-2026,1st,GE 6,Purposive Communication,A,3,TTH/ 10:00-11:30 AM,CCB 9,
20240010,2025-2026,1st,NSTP 2,National Service Training Program,A,3,SAT/ 1:00-5:00 PM,CCB Grounds,
20240010,2025-2026,1st,PATHFIT 2,Physical Activity Towards Health and Fitness,A,2,TTH/ 1:00-2:00 PM,CCB 4,
20240010,2025-2026,1st,BME 105,Operations Management (TQM),A,3,TTH/ 2:30-4:00 PM,CCB 6,
20240010,2025-2026,1st,ENT 104,Innovation Management,A,3,MWF/ 6:30-7:30 PM,CCB 10,
20240011,2025-2026,1st,GE 6,Purposive Communication,A,3,TTH/ 10:00-11:30 AM,CCB 9,
20240011,2025-2026,1st,NSTP 2,National Service Training Program,A,3,SAT/ 1:00-5:00 PM,CCB Grounds,
20240011,2025-2026,1st,PATHFIT 2,Physical Activity Towards Health and Fitness,A,2,TTH/ 1:00-2:00 PM,CCB 4,
20240011,2025-2026,1st,ENT 102,Pricing and Costing,A,3,MWF/ 11:00-12:00 PM,CCB 6,
20240011,2025-2026,1st,BME 105,Operations Management (TQM),A,3,TTH/ 2:30-4:00 PM,CCB 6,
20240011,2025-2026,1st,EN BMKTG,Business Marketing,A,3,MWF/ 3:00-4:00 PM,CCB 4,
20240011,2025-2026,1st,ENT 104,Innovation Management,A,3,MWF/ 6:30-7:30 PM,CCB 10,
20240011,2025-2026,1st,EN OM,Enhancement Organization and Management,A,3,MWF/ 1:00-2:00 PM,CCB 10,
20240011,2025-2026,1st,ENT 103,Human Resource Management,A,3,MWF/ 5:30-6:30 PM,CCB 5,
20240012,2025-2026,1st,BME 105,Operations Management (TQM),A,3,TTH/ 2:30-4:00 PM,CCB 6,
20240012,2025-2026,1st,PATHFIT 2,Physical Activity Towards Health and Fitness,A,2,TTH/ 1:00-2:00 PM,CCB 4,
20240012,2025-2026,1st,ENT 102,Pricing and Costing,A,3,MWF/ 11:00-12:00 PM,CCB 6,
20240012,2025-2026,1st,EN OM,Enhancement Organization and Management,A,3,MWF/ 1:00-2:00 PM,CCB 10,
20240012,2025-2026,1st,ENT 103,Human Resource Management,A,3,MWF/ 5:30-6:30 PM,CCB 5,
20240012,2025-2026,1st,EN BMKTG,Business Marketing,A,3,MWF/ 3:00-4:00 PM,CCB 4,
20240012,2025-2026,1st,NSTP 2,National Service Training Program,A,3,SAT/ 1:00-5:00 PM,CCB Grounds,
20240012,2025-2026,1st,ENT 104,Innovation Management,A,3,MWF/ 6:30-7:30 PM,CCB 10,
20240012,2025-2026,1st,GE 6,Purposive Communication,A,3,TTH/ 10:00-11:30 AM,CCB 9,
20240013,2025-2026,1st,GE 6,Purposive Communication,A,3,TTH/ 10:00-11:30 AM,CCB 9,
20240013,2025-2026,1st,NSTP 2,National Service Training Program,A,3,SAT/ 1:00-5:00 PM,CCB Grounds,
20240013,2025-2026,1st,ENT 103,Human Resource Management,A,3,MWF/ 5:30-6:30 PM,CCB 5,
20240013,2025-2026,1st,BME 105,Operations Management (TQM),A,3,TTH/ 2:30-4:00 PM,CCB 6,
20240013,2025-2026,1st,EN BMKTG,Business Marketing,A,3,MWF/ 3:00-4:00 PM,CCB 4,
20240013,2025-2026,1st,EN OM,Enhancement Organization and Management,A,3,MWF/ 1:00-2:00 PM,CCB 10,
20240013,2025-2026,1st,ENT 102,Pricing and Costing,A,3,MWF/ 11:00-12:00 PM,CCB 6,
20240013,2025-2026,1st,PATHFIT 2,Physical Activity Towards Health and Fitness,A,2,TTH/ 1:00-2:00 PM,CCB 4,
20240013,2025-2026,1st,ENT 104,Innovation Management,A,3,MWF/ 6:30-7:30 PM,CCB 10,
20240014,2025-2026,1st,GE 6,Purposive Communication,A,3,TTH/ 10:00-11:30 AM,CCB 9,
20240014,2025-2026,1st,PATHFIT 2,Physical Activity Towards Health and Fitness,A,2,TTH/ 1:00-2:00 PM,CCB 4,
20240014,2025-2026,1st,ENT 104,Innovation Management,A,3,MWF/ 6:30-7:30 PM,CCB 10,
20240014,2025-2026,1st,EN BMKTG,Business Marketing,A,3,MWF/ 3:00-4:00 PM,CCB 4,
20240014,2025-2026,1st,EN OM,Enhancement Organization and Management,A,3,MWF/ 1:00-2:00 PM,CCB 10,
20240014,2025-2026,1st,NSTP 2,National Service Training Program,A,3,SAT/ 1:00-5:00 PM,CCB Grounds,
20240014,2025-2026,1st,ENT 102,Pricing and Costing,A,3,MWF/ 11:00-12:00 PM,CCB 6,
20240014,2025-2026,1st,BME 105,Operations Management (TQM),A,3,TTH/ 2:30-4:00 PM,CCB 6,
20240014,2025-2026,1st,ENT 103,Human Resource Management,A,3,MWF/ 5:30-6:30 PM,CCB 5,
20240015,2025-2026,1st,EN OM,Enhancement Organization and Management,A,3,MWF/ 1:00-2:00 PM,CCB 10,
20240015,2025-2026,1st,ENT 103,Human Resource Management,A,3,MWF/ 5:30-6:30 PM,CCB 5,
20240015,2025-2026,1st,GE 6,Purposive Communication,A,3,TTH/ 10:00-11:30 AM,CCB 9,
20240015,2025-2026,1st,ENT 104,Innovation Management,A,3,MWF/ 6:30-7:30 PM,CCB 10,
20240015,2025-2026,1st,BME 105,Operations Management (TQM),A,3,TTH/ 2:30-4:00 PM,CCB 6,
20240015,2025-2026,1st,EN BMKTG,Business Marketing,A,3,MWF/ 3:00-4:00 PM,CCB 4,
20240015,2025-2026,1st,ENT 102,Pricing and Costing,A,3,MWF/ 11:00-12:00 PM,CCB 6,
20240015,2025-2026,1st,PATHFIT 2,Physical Activity Towards Health and Fitness,A,2,TTH/ 1:00-2:00 PM,CCB 4,
20240015,2025-2026,1st,NSTP 2,National Service Training Program,A,3,SAT/ 1:00-5:00 PM,CCB Grounds,
20240016,2025-2026,1st,BME 105,Operations Management (TQM),A,3,TTH/ 2:30-4:00 PM,CCB 6,
20240016,2025-2026,1st,EN OM,Enhancement Organization and Management,A,3,MWF/ 1:00-2:00 PM,CCB 10,
20240016,2025-2026,1st,NSTP 2,National Service Training Program,A,3,SAT/ 1:00-5:00 PM,CCB Grounds,
20240016,2025-2026,1st,GE 6,Purposive Communication,A,3,TTH/ 10:00-11:30 AM,CCB 9,
20240016,2025-2026,1st,ENT 104,Innovation Management,A,3,MWF/ 6:30-7:30 PM,CCB 10,
20240016,2025-2026,1st,EN BMKTG,Business Marketing,A,3,MWF/ 3:00-4:00 PM,CCB 4,
20240016,2025-2026,1st,PATHFIT 2,Physical Activity Towards Health and Fitness,A,2,TTH/ 1:00-2:00 PM,CCB 4,
20240016,2025-2026,1st,ENT 103,Human Resource Management,A,3,MWF/ 5:30-6:30 PM,CCB 5,
20240016,2025-2026,1st,ENT 102,Pricing and Costing,A,3,MWF/ 11:00-12:00 PM,CCB 6,
20240017,2025-2026,1st,NSTP 2,National Service Training Program,A,3,SAT/ 1:00-5:00 PM,CCB Grounds,
20240017,2025-2026,1st,ENT 102,Pricing and Costing,A,3,MWF/ 11:00-12:00 PM,CCB 6,
20240017,2025-2026,1st,ENT 104,Innovation Management,A,3,MWF/ 6:30-7:30 PM,CCB 10,
20240017,2025-2026,1st,ENT 103,Human Resource Management,A,3,MWF/ 5:30-6:30 PM,CCB 5,
20240017,2025-2026,1st,PATHFIT 2,Physical Activity Towards Health and Fitness,A,2,TTH/ 1:00-2:00 PM,CCB 4,
20240017,2025-2026,1st,GE 6,Purposive Communication,A,3,TTH/ 10:00-11:30 AM,CCB 9,
20240017,2025-2026,1st,EN BMKTG,Business Marketing,A,3,MWF/ 3:00-4:00 PM,CCB 4,
20240017,2025-2026,1st,BME 105,Operations Management (TQM),A,3,TTH/ 2:30-4:00 PM,CCB 6,
20240017,2025-2026,1st,EN OM,Enhancement Organization and Management,A,3,MWF/ 1:00-2:00 PM,CCB 10,
20240018,2025-2026,1st,EN OM,Enhancement Organization and Management,B,3,MWF/ 1:00-2:00 PM,CCB 10,
20240018,2025-2026,1st,PATHFIT 2,Physical Activity Towards Health and Fitness,B,2,TTH/ 1:00-2:00 PM,CCB 4,
20240018,2025-2026,1st,ENT 103,Human Resource Management,B,3,MWF/ 5:30-6:30 PM,CCB 5,
20240018,2025-2026,1st,GE 6,Purposive Communication,B,3,TTH/ 10:00-11:30 AM,CCB 9,
20240018,2025-2026,1st,NSTP 2,National Service Training Program,B,3,SAT/ 1:00-5:00 PM,CCB Grounds,
20240018,2025-2026,1st,EN BMKTG,Business Marketing,B,3,MWF/ 3:00-4:00 PM,CCB 4,
20240018,2025-2026,1st,ENT 104,Innovation Management,B,3,MWF/ 6:30-7:30 PM,CCB 10,
20240018,2025-2026,1st,BME 105,Operations Management (TQM),B,3,TTH/ 2:30-4:00 PM,CCB 6,
20240018,2025-2026,1st,ENT 102,Pricing and Costing,B,3,MWF/ 11:00-12:00 PM,CCB 6,
20240019,2025-2026,1st,NSTP 2,National Service Training Program,B,3,SAT/ 1:00-5:00 PM,CCB Grounds,
20240019,2025-2026,1st,ENT 104,Innovation Management,B,3,MWF/ 6:30-7:30 PM,CCB 10,
20240019,2025-2026,1st,PATHFIT 2,Physical Activity Towards Health and Fitness,B,2,TTH/ 1:00-2:00 PM,CCB 4,
20240019,2025-2026,1st,ENT 102,Pricing and Costing,B,3,MWF/ 11:00-12:00 PM,CCB 6,
20240019,2025-2026,1st,EN OM,Enhancement Organization and Management,B,3,MWF/ 1:00-2:00 PM,CCB 10,
20240019,2025-2026,1st,GE 6,Purposive Communication,B,3,TTH/ 10:00-11:30 AM,CCB 9,
20240019,2025-2026,1st,BME 105,Operations Management (TQM),B,3,TTH/ 2:30-4:00 PM,CCB 6,
20240019,2025-2026,1st,ENT 103,Human Resource Management,B,3,MWF/ 5:30-6:30 PM,CCB 5,
20240019,2025-2026,1st,EN BMKTG,Business Marketing,B,3,MWF/ 3:00-4:00 PM,CCB 4,
20240020,2025-2026,1st,PATHFIT 2,Physical Activity Towards Health and Fitness,B,2,TTH/ 1:00-2:00 PM,CCB 4,
20240020,2025-2026,1st,ENT 102,Pricing and Costing,B,3,MWF/ 11:00-12:00 PM,CCB 6,
20240020,2025-2026,1st,NSTP 2,National Service Training Program,B,3,SAT/ 1:00-5:00 PM,CCB Grounds,
20240020,2025-2026,1st,EN OM,Enhancement Organization and Management,B,3,MWF/ 1:00-2:00 PM,CCB 10,
20240020,2025-2026,1st,ENT 104,Innovation Management,B,3,MWF/ 6:30-7:30 PM,CCB 10,
20240020,2025-2026,1st,EN BMKTG,Business Marketing,B,3,MWF/ 3:00-4:00 PM,CCB 4,
20240020,2025-2026,1st,BME 105,Operations Management (TQM),B,3,TTH/ 2:30-4:00 PM,CCB 6,
20240020,2025-2026,1st,GE 6,Purposive Communication,B,3,TTH/ 10:00-11:30 AM,CCB 9,
20240020,2025-2026,1st,ENT 103,Human Resource Management,B,3,MWF/ 5:30-6:30 PM,CCB 5,
20240021,2025-2026,1st,ENT 103,Human Resource Management,B,3,MWF/ 5:30-6:30 PM,CCB 5,
20240021,2025-2026,1st,PATHFIT 2,Physical Activity Towards Health and Fitness,B,2,TTH/ 1:00-2:00 PM,CCB 4,
20240021,2025-2026,1st,EN OM,Enhancement Organization and Management,B,3,MWF/ 1:00-2:00 PM,CCB 10,
20240021,2025-2026,1st,NSTP 2,National Service Training Program,B,3,SAT/ 1:00-5:00 PM,CCB Grounds,
20240021,2025-2026,1st,EN BMKTG,Business Marketing,B,3,MWF/ 3:00-4:00 PM,CCB 4,
20240021,2025-2026,1st,ENT 102,Pricing and Costing,B,3,MWF/ 11:00-12:00 PM,CCB 6,
20240021,2025-2026,1st,GE 6,Purposive Communication,B,3,TTH/ 10:00-11:30 AM,CCB 9,
20240021,2025-2026,1st,ENT 104,Innovation Management,B,3,MWF/ 6:30-7:30 PM,CCB 10,
20240021,2025-2026,1st,BME 105,Operations Management (TQM),B,3,TTH/ 2:30-4:00 PM,CCB 6,
20240022,2025-2026,1st,GE 6,Purposive Communication,B,3,TTH/ 10:00-11:30 AM,CCB 9,
20240022,2025-2026,1st,EN OM,Enhancement Organization and Management,B,3,MWF/ 1:00-2:00 PM,CCB 10,
20240022,2025-2026,1st,BME 105,Operations Management (TQM),B,3,TTH/ 2:30-4:00 PM,CCB 6,
20240022,2025-2026,1st,NSTP 2,National Service Training Program,B,3,SAT/ 1:00-5:00 PM,CCB Grounds,
20240022,2025-2026,1st,ENT 104,Innovation Management,B,3,MWF/ 6:30-7:30 PM,CCB 10,
20240022,2025-2026,1st,PATHFIT 2,Physical Activity Towards Health and Fitness,B,2,TTH/ 1:00-2:00 PM,CCB 4,
20240022,2025-2026,1st,EN BMKTG,Business Marketing,B,3,MWF/ 3:00-4:00 PM,CCB 4,
20240022,2025-2026,1st,ENT 103,Human Resource Management,B,3,MWF/ 5:30-6:30 PM,CCB 5,
20240022,2025-2026,1st,ENT 102,Pricing and Costing,B,3,MWF/ 11:00-12:00 PM,CCB 6,
20240023,2025-2026,1st,GE 6,Purposive Communication,B,3,TTH/ 10:00-11:30 AM,CCB 9,
20240023,2025-2026,1st,BME 105,Operations Management (TQM),B,3,TTH/ 2:30-4:00 PM,CCB 6,
20240023,2025-2026,1st,ENT 102,Pricing and Costing,B,3,MWF/ 11:00-12:00 PM,CCB 6,
20240023,2025-2026,1st,NSTP 2,National Service Training Program,B,3,SAT/ 1:00-5:00 PM,CCB Grounds,
20240023,2025-2026,1st,EN OM,Enhancement Organization and Management,B,3,MWF/ 1:00-2:00 PM,CCB 10,
20240023,2025-2026,1st,ENT 103,Human Resource Management,B,3,MWF/ 5:30-6:30 PM,CCB 5,
20240023,2025-2026,1st,PATHFIT 2,Physical Activity Towards Health and Fitness,B,2,TTH/ 1:00-2:00 PM,CCB 4,
20240023,2025-2026,1st,EN BMKTG,Business Marketing,B,3,MWF/ 3:00-4:00 PM,CCB 4,
20240023,2025-2026,1st,ENT 104,Innovation Management,B,3,MWF/ 6:30-7:30 PM,CCB 10,
20240024,2025-2026,1st,NSTP 2,National Service Training Program,B,3,SAT/ 1:00-5:00 PM,CCB Grounds,
20240024,2025-2026,1st,EN OM,Enhancement Organization and Management,B,3,MWF/ 1:00-2:00 PM,CCB 10,
20240024,2025-2026,1st,BME 105,Operations Management (TQM),B,3,TTH/ 2:30-4:00 PM,CCB 6,
20240024,2025-2026,1st,PATHFIT 2,Physical Activity Towards Health and Fitness,B,2,TTH/ 1:00-2:00 PM,CCB 4,
20240024,2025-2026,1st,ENT 103,Human Resource Management,B,3,MWF/ 5:30-6:30 PM,CCB 5,
20240024,2025-2026,1st,GE 6,Purposive Communication,B,3,TTH/ 10:00-11:30 AM,CCB 9,
20240024,2025-2026,1st,EN BMKTG,Business Marketing,B,3,MWF/ 3:00-4:00 PM,CCB 4,
20240024,2025-2026,1st,ENT 104,Innovation Management,B,3,MWF/ 6:30-7:30 PM,CCB 10,
20240024,2025-2026,1st,ENT 102,Pricing and Costing,B,3,MWF/ 11:00-12:00 PM,CCB 6,
20240025,2025-2026,1st,EN BMKTG,Business Marketing,B,3,MWF/ 3:00-4:00 PM,CCB 4,
20240025,2025-2026,1st,ENT 103,Human Resource Management,B,3,MWF/ 5:30-6:30 PM,CCB 5,
20240025,2025-2026,1st,BME 105,Operations Management (TQM),B,3,TTH/ 2:30-4:00 PM,CCB 6,
20240025,2025-2026,1st,ENT 102,Pricing and Costing,B,3,MWF/ 11:00-12:00 PM,CCB 6,
20240025,2025-2026,1st,NSTP 2,National Service Training Program,B,3,SAT/ 1:00-5:00 PM,CCB Grounds,
20240025,2025-2026,1st,PATHFIT 2,Physical Activity Towards Health and Fitness,B,2,TTH/ 1:00-2:00 PM,CCB 4,
20240025,2025-2026,1st,EN OM,Enhancement Organization and Management,B,3,MWF/ 1:00-2:00 PM,CCB 10,
20240025,2025-2026,1st,GE 6,Purposive Communication,B,3,TTH/ 10:00-11:30 AM,CCB 9,
20240025,2025-2026,1st,ENT 104,Innovation Management,B,3,MWF/ 6:30-7:30 PM,CCB 10,
20240026,2025-2026,1st,EN BMKTG,Business Marketing,B,3,MWF/ 3:00-4:00 PM,CCB 4,
20240026,2025-2026,1st,NSTP 2,National Service Training Program,B,3,SAT/ 1:00-5:00 PM,CCB Grounds,
20240026,2025-2026,1st,GE 6,Purposive Communication,B,3,TTH/ 10:00-11:30 AM,CCB 9,
20240026,2025-2026,1st,ENT 104,Innovation Management,B,3,MWF/ 6:30-7:30 PM,CCB 10,
20240026,2025-2026,1st,ENT 103,Human Resource Management,B,3,MWF/ 5:30-6:30 PM,CCB 5,
20240026,2025-2026,1st,EN OM,Enhancement Organization and Management,B,3,MWF/ 1:00-2:00 PM,CCB 10,
20240026,2025-2026,1st,BME 105,Operations Management (TQM),B,3,TTH/ 2:30-4:00 PM,CCB 6,
20240026,2025-2026,1st,ENT 102,Pricing and Costing,B,3,MWF/ 11:00-12:00 PM,CCB 6,
20240026,2025-2026,1st,PATHFIT 2,Physical Activity Towards Health and Fitness,B,2,TTH/ 1:00-2:00 PM,CCB 4,
20240027,2025-2026,1st,BME 105,Operations Management (TQM),B,3,TTH/ 2:30-4:00 PM,CCB 6,
20240027,2025-2026,1st,ENT 103,Human Resource Management,B,3,MWF/ 5:30-6:30 PM,CCB 5,
20240027,2025-2026,1st,GE 6,Purposive Communication,B,3,TTH/ 10:00-11:30 AM,CCB 9,
20240027,2025-2026,1st,ENT 102,Pricing and Costing,B,3,MWF/ 11:00-12:00 PM,CCB 6,
20240027,2025-2026,1st,PATHFIT 2,Physical Activity Towards Health and Fitness,B,2,TTH/ 1:00-2:00 PM,CCB 4,
20240027,2025-2026,1st,EN BMKTG,Business Marketing,B,3,MWF/ 3:00-4:00 PM,CCB 4,
20240027,2025-2026,1st,NSTP 2,National Service Training Program,B,3,SAT/ 1:00-5:00 PM,CCB Grounds,
20240027,2025-2026,1st,ENT 104,Innovation Management,B,3,MWF/ 6:30-7:30 PM,CCB 10,
20240027,2025-2026,1st,EN OM,Enhancement Organization and Management,B,3,MWF/ 1:00-2:00 PM,CCB 10,
20240028,2025-2026,1st,ENT 102,Pricing and Costing,B,3,MWF/ 11:00-12:00 PM,CCB 6,
20240028,2025-2026,1st,BME 105,Operations Management (TQM),B,3,TTH/ 2:30-4:00 PM,CCB 6,
20240028,2025-2026,1st,ENT 103,Human Resource Management,B,3,MWF/ 5:30-6:30 PM,CCB 5,
20240028,2025-2026,1st,GE 6,Purposive Communication,B,3,TTH/ 10:00-11:30 AM,CCB 9,
20240028,2025-2026,1st,EN OM,Enhancement Organization and Management,B,3,MWF/ 1:00-2:00 PM,CCB 10,
20240028,2025-2026,1st,EN BMKTG,Business Marketing,B,3,MWF/ 3:00-4:00 PM,CCB 4,
20240028,2025-2026,1st,ENT 104,Innovation Management,B,3,MWF/ 6:30-7:30 PM,CCB 10,
20240028,2025-2026,1st,PATHFIT 2,Physical Activity Towards Health and Fitness,B,2,TTH/ 1:00-2:00 PM,CCB 4,
20240028,2025-2026,1st,NSTP 2,National Service Training Program,B,3,SAT/ 1:00-5:00 PM,CCB Grounds,
20240029,2025-2026,1st,ENT 104,Innovation Management,B,3,MWF/ 6:30-7:30 PM,CCB 10,
20240029,2025-2026,1st,EN OM,Enhancement Organization and Management,B,3,MWF/ 1:00-2:00 PM,CCB 10,
20240029,2025-2026,1st,BME 105,Operations Management (TQM),B,3,TTH/ 2:30-4:00 PM,CCB 6,
20240029,2025-2026,1st,ENT 102,Pricing and Costing,B,3,MWF/ 11:00-12:00 PM,CCB 6,
20240029,2025-2026,1st,EN BMKTG,Business Marketing,B,3,MWF/ 3:00-4:00 PM,CCB 4,
20240029,2025-2026,1st,ENT 103,Human Resource Management,B,3,MWF/ 5:30-6:30 PM,CCB 5,
20240029,2025-2026,1st,PATHFIT 2,Physical Activity Towards Health and Fitness,B,2,TTH/ 1:00-2:00 PM,CCB 4,
20240029,2025-2026,1st,NSTP 2,National Service Training Program,B,3,SAT/ 1:00-5:00 PM,CCB Grounds,
20240029,2025-2026,1st,GE 6,Purposive Communication,B,3,TTH/ 10:00-11:30 AM,CCB 9,
20240030,2025-2026,1st,PATHFIT 2,Physical Activity Towards Health and Fitness,B,2,TTH/ 1:00-2:00 PM,CCB 4,
20240030,2025-2026,1st,GE 6,Purposive Communication,B,3,TTH/ 10:00-11:30 AM,CCB 9,
20240030,2025-2026,1st,BME 105,Operations Management (TQM),B,3,TTH/ 2:30-4:00 PM,CCB 6,
20240030,2025-2026,1st,ENT 103,Human Resource Management,B,3,MWF/ 5:30-6:30 PM,CCB 5,
20240030,2025-2026,1st,NSTP 2,National Service Training Program,B,3,SAT/ 1:00-5:00 PM,CCB Grounds,
20240030,2025-2026,1st,ENT 104,Innovation Management,B,3,MWF/ 6:30-7:30 PM,CCB 10,
20240030,2025-2026,1st,ENT 102,Pricing and Costing,B,3,MWF/ 11:00-12:00 PM,CCB 6,
20240030,2025-2026,1st,EN OM,Enhancement Organization and Management,B,3,MWF/ 1:00-2:00 PM,CCB 10,
20240030,2025-2026,1st,EN BMKTG,Business Marketing,B,3,MWF/ 3:00-4:00 PM,CCB 4,
20240031,2025-2026,1st,EN BMKTG,Business Marketing,B,3,MWF/ 3:00-4:00 PM,CCB 4,
20240031,2025-2026,1st,ENT 104,Innovation Management,B,3,MWF/ 6:30-7:30 PM,CCB 10,
20240031,2025-2026,1st,ENT 103,Human Resource Management,B,3,MWF/ 5:30-6:30 PM,CCB 5,
20240031,2025-2026,1st,PATHFIT 2,Physical Activity Towards Health and Fitness,B,2,TTH/ 1:00-2:00 PM,CCB 4,
20240031,2025-2026,1st,GE 6,Purposive Communication,B,3,TTH/ 10:00-11:30 AM,CCB 9,
20240031,2025-2026,1st,BME 105,Operations Management (TQM),B,3,TTH/ 2:30-4:00 PM,CCB 6,
20240031,2025-2026,1st,NSTP 2,National Service Training Program,B,3,SAT/ 1:00-5:00 PM,CCB Grounds,
20240031,2025-2026,1st,EN OM,Enhancement Organization and Management,B,3,MWF/ 1:00-2:00 PM,CCB 10,
20240031,2025-2026,1st,ENT 102,Pricing and Costing,B,3,MWF/ 11:00-12:00 PM,CCB 6,
20240032,2025-2026,1st,ENT 103,Human Resource Management,B,3,MWF/ 5:30-6:30 PM,CCB 5,
20240032,2025-2026,1st,NSTP 2,National Service Training Program,B,3,SAT/ 1:00-5:00 PM,CCB Grounds,
20240032,2025-2026,1st,GE 6,Purposive Communication,B,3,TTH/ 10:00-11:30 AM,CCB 9,
20240032,2025-2026,1st,BME 105,Operations Management (TQM),B,3,TTH/ 2:30-4:00 PM,CCB 6,
20240032,2025-2026,1st,PATHFIT 2,Physical Activity Towards Health and Fitness,B,2,TTH/ 1:00-2:00 PM,CCB 4,
20240032,2025-2026,1st,EN OM,Enhancement Organization and Management,B,3,MWF/ 1:00-2:00 PM,CCB 10,
20240032,2025-2026,1st,EN BMKTG,Business Marketing,B,3,MWF/ 3:00-4:00 PM,CCB 4,
20240032,2025-2026,1st,ENT 104,Innovation Management,B,3,MWF/ 6:30-7:30 PM,CCB 10,
20240032,2025-2026,1st,ENT 102,Pricing and Costing,B,3,MWF/ 11:00-12:00 PM,CCB 6,
20240033,2025-2026,1st,PATHFIT 2,Physical Activity Towards Health and Fitness,B,2,TTH/ 1:00-2:00 PM,CCB 4,
20240033,2025-2026,1st,BME 105,Operations Management (TQM),B,3,TTH/ 2:30-4:00 PM,CCB 6,
20240033,2025-2026,1st,ENT 102,Pricing and Costing,B,3,MWF/ 11:00-12:00 PM,CCB 6,
20240033,2025-2026,1st,EN OM,Enhancement Organization and Management,B,3,MWF/ 1:00-2:00 PM,CCB 10,
20240033,2025-2026,1st,NSTP 2,National Service Training Program,B,3,SAT/ 1:00-5:00 PM,CCB Grounds,
20240033,2025-2026,1st,EN BMKTG,Business Marketing,B,3,MWF/ 3:00-4:00 PM,CCB 4,
20240033,2025-2026,1st,ENT 104,Innovation Management,B,3,MWF/ 6:30-7:30 PM,CCB 10,
20240033,2025-2026,1st,ENT 103,Human Resource Management,B,3,MWF/ 5:30-6:30 PM,CCB 5,
20240033,2025-2026,1st,GE 6,Purposive Communication,B,3,TTH/ 10:00-11:30 AM,CCB 9,
20240034,2025-2026,1st,ENT 104,Innovation Management,B,3,MWF/ 6:30-7:30 PM,CCB 10,
20240034,2025-2026,1st,BME 105,Operations Management (TQM),B,3,TTH/ 2:30-4:00 PM,CCB 6,
20240034,2025-2026,1st,GE 6,Purposive Communication,B,3,TTH/ 10:00-11:30 AM,CCB 9,
20240034,2025-2026,1st,PATHFIT 2,Physical Activity Towards Health and Fitness,B,2,TTH/ 1:00-2:00 PM,CCB 4,
20240034,2025-2026,1st,ENT 103,Human Resource Management,B,3,MWF/ 5:30-6:30 PM,CCB 5,
20240034,2025-2026,1st,EN BMKTG,Business Marketing,B,3,MWF/ 3:00-4:00 PM,CCB 4,
20240034,2025-2026,1st,ENT 102,Pricing and Costing,B,3,MWF/ 11:00-12:00 PM,CCB 6,
20240034,2025-2026,1st,EN OM,Enhancement Organization and Management,B,3,MWF/ 1:00-2:00 PM,CCB 10,
20240034,2025-2026,1st,NSTP 2,National Service Training Program,B,3,SAT/ 1:00-5:00 PM,CCB Grounds,
20240035,2025-2026,1st,EN BMKTG,Business Marketing,C,3,MWF/ 3:00-4:00 PM,CCB 4,
20240035,2025-2026,1st,ENT 103,Human Resource Management,C,3,MWF/ 5:30-6:30 PM,CCB 5,
20240035,2025-2026,1st,NSTP 2,National Service Training Program,C,3,SAT/ 1:00-5:00 PM,CCB Grounds,
20240035,2025-2026,1st,ENT 102,Pricing and Costing,C,3,MWF/ 11:00-12:00 PM,CCB 6,
20240035,2025-2026,1st,ENT 104,Innovation Management,C,3,MWF/ 6:30-7:30 PM,CCB 10,
20240035,2025-2026,1st,BME 105,Operations Management (TQM),C,3,TTH/ 2:30-4:00 PM,CCB 6,
20240035,2025-2026,1st,EN OM,Enhancement Organization and Management,C,3,MWF/ 1:00-2:00 PM,CCB 10,
20240035,2025-2026,1st,GE 6,Purposive Communication,C,3,TTH/ 10:00-11:30 AM,CCB 9,
20240035,2025-2026,1st,PATHFIT 2,Physical Activity Towards Health and Fitness,C,2,TTH/ 1:00-2:00 PM,CCB 4,
20240036,2025-2026,1st,NSTP 2,National Service Training Program,C,3,SAT/ 1:00-5:00 PM,CCB Grounds,
20240036,2025-2026,1st,EN BMKTG,Business Marketing,C,3,MWF/ 3:00-4:00 PM,CCB 4,
20240036,2025-2026,1st,PATHFIT 2,Physical Activity Towards Health and Fitness,C,2,TTH/ 1:00-2:00 PM,CCB 4,
20240036,2025-2026,1st,ENT 104,Innovation Management,C,3,MWF/ 6:30-7:30 PM,CCB 10,
20240036,2025-2026,1st,EN OM,Enhancement Organization and Management,C,3,MWF/ 1:00-2:00 PM,CCB 10,
20240036,2025-2026,1st,GE 6,Purposive Communication,C,3,TTH/ 10:00-11:30 AM,CCB 9,
20240036,2025-2026,1st,BME 105,Operations Management (TQM),C,3,TTH/ 2:30-4:00 PM,CCB 6,
20240036,2025-2026,1st,ENT 102,Pricing and Costing,C,3,MWF/ 11:00-12:00 PM,CCB 6,
20240036,2025-2026,1st,ENT 103,Human Resource Management,C,3,MWF/ 5:30-6:30 PM,CCB 5,
20240037,2025-2026,1st,NSTP 2,National Service Training Program,C,3,SAT/ 1:00-5:00 PM,CCB Grounds,
20240037,2025-2026,1st,EN BMKTG,Business Marketing,C,3,MWF/ 3:00-4:00 PM,CCB 4,
20240037,2025-2026,1st,EN OM,Enhancement Organization and Management,C,3,MWF/ 1:00-2:00 PM,CCB 10,
20240037,2025-2026,1st,ENT 103,Human Resource Management,C,3,MWF/ 5:30-6:30 PM,CCB 5,
20240037,2025-2026,1st,BME 105,Operations Management (TQM),C,3,TTH/ 2:30-4:00 PM,CCB 6,
20240037,2025-2026,1st,PATHFIT 2,Physical Activity Towards Health and Fitness,C,2,TTH/ 1:00-2:00 PM,CCB 4,
20240037,2025-2026,1st,ENT 104,Innovation Management,C,3,MWF/ 6:30-7:30 PM,CCB 10,
20240037,2025-2026,1st,ENT 102,Pricing and Costing,C,3,MWF/ 11:00-12:00 PM,CCB 6,
20240037,2025-2026,1st,GE 6,Purposive Communication,C,3,TTH/ 10:00-11:30 AM,CCB 9,
20240038,2025-2026,1st,GE 6,Purposive Communication,C,3,TTH/ 10:00-11:30 AM,CCB 9,
20240038,2025-2026,1st,EN BMKTG,Business Marketing,C,3,MWF/ 3:00-4:00 PM,CCB 4,
20240038,2025-2026,1st,BME 105,Operations Management (TQM),C,3,TTH/ 2:30-4:00 PM,CCB 6,
20240038,2025-2026,1st,NSTP 2,National Service Training Program,C,3,SAT/ 1:00-5:00 PM,CCB Grounds,
20240038,2025-2026,1st,ENT 102,Pricing and Costing,C,3,MWF/ 11:00-12:00 PM,CCB 6,
20240038,2025-2026,1st,EN OM,Enhancement Organization and Management,C,3,MWF/ 1:00-2:00 PM,CCB 10,
20240038,2025-2026,1st,ENT 103,Human Resource Management,C,3,MWF/ 5:30-6:30 PM,CCB 5,
20240038,2025-2026,1st,ENT 104,Innovation Management,C,3,MWF/ 6:30-7:30 PM,CCB 10,
20240038,2025-2026,1st,PATHFIT 2,Physical Activity Towards Health and Fitness,C,2,TTH/ 1:00-2:00 PM,CCB 4,
20240039,2025-2026,1st,EN BMKTG,Business Marketing,C,3,MWF/ 3:00-4:00 PM,CCB 4,
20240039,2025-2026,1st,ENT 103,Human Resource Management,C,3,MWF/ 5:30-6:30 PM,CCB 5,
20240039,2025-2026,1st,NSTP 2,National Service Training Program,C,3,SAT/ 1:00-5:00 PM,CCB Grounds,
20240039,2025-2026,1st,EN OM,Enhancement Organization and Management,C,3,MWF/ 1:00-2:00 PM,CCB 10,
20240039,2025-2026,1st,PATHFIT 2,Physical Activity Towards Health and Fitness,C,2,TTH/ 1:00-2:00 PM,CCB 4,
20240039,2025-2026,1st,BME 105,Operations Management (TQM),C,3,TTH/ 2:30-4:00 PM,CCB 6,
20240039,2025-2026,1st,ENT 104,Innovation Management,C,3,MWF/ 6:30-7:30 PM,CCB 10,
20240039,2025-2026,1st,GE 6,Purposive Communication,C,3,TTH/ 10:00-11:30 AM,CCB 9,
20240039,2025-2026,1st,ENT 102,Pricing and Costing,C,3,MWF/ 11:00-12:00 PM,CCB 6,
20240040,2025-2026,1st,EN OM,Enhancement Organization and Management,C,3,MWF/ 1:00-2:00 PM,CCB 10,
20240040,2025-2026,1st,PATHFIT 2,Physical Activity Towards Health and Fitness,C,2,TTH/ 1:00-2:00 PM,CCB 4,
20240040,2025-2026,1st,ENT 104,Innovation Management,C,3,MWF/ 6:30-7:30 PM,CCB 10,
20240040,2025-2026,1st,NSTP 2,National Service Training Program,C,3,SAT/ 1:00-5:00 PM,CCB Grounds,
20240040,2025-2026,1st,GE 6,Purposive Communication,C,3,TTH/ 10:00-11:30 AM,CCB 9,
20240040,2025-2026,1st,ENT 103,Human Resource Management,C,3,MWF/ 5:30-6:30 PM,CCB 5,
20240040,2025-2026,1st,ENT 102,Pricing and Costing,C,3,MWF/ 11:00-12:00 PM,CCB 6,
20240040,2025-2026,1st,BME 105,Operations Management (TQM),C,3,TTH/ 2:30-4:00 PM,CCB 6,
20240040,2025-2026,1st,EN BMKTG,Business Marketing,C,3,MWF/ 3:00-4:00 PM,CCB 4,
20240041,2025-2026,1st,ENT 104,Innovation Management,C,3,MWF/ 6:30-7:30 PM,CCB 10,
20240041,2025-2026,1st,ENT 102,Pricing and Costing,C,3,MWF/ 11:00-12:00 PM,CCB 6,
20240041,2025-2026,1st,PATHFIT 2,Physical Activity Towards Health and Fitness,C,2,TTH/ 1:00-2:00 PM,CCB 4,
20240041,2025-2026,1st,GE 6,Purposive Communication,C,3,TTH/ 10:00-11:30 AM,CCB 9,
20240041,2025-2026,1st,EN BMKTG,Business Marketing,C,3,MWF/ 3:00-4:00 PM,CCB 4,
20240041,2025-2026,1st,BME 105,Operations Management (TQM),C,3,TTH/ 2:30-4:00 PM,CCB 6,
20240041,2025-2026,1st,NSTP 2,National Service Training Program,C,3,SAT/ 1:00-5:00 PM,CCB Grounds,
20240041,2025-2026,1st,EN OM,Enhancement Organization and Management,C,3,MWF/ 1:00-2:00 PM,CCB 10,
20240041,2025-2026,1st,ENT 103,Human Resource Management,C,3,MWF/ 5:30-6:30 PM,CCB 5,
20240042,2025-2026,1st,BME 105,Operations Management (TQM),C,3,TTH/ 2:30-4:00 PM,CCB 6,
20240042,2025-2026,1st,NSTP 2,National Service Training Program,C,3,SAT/ 1:00-5:00 PM,CCB Grounds,
20240042,2025-2026,1st,ENT 104,Innovation Management,C,3,MWF/ 6:30-7:30 PM,CCB 10,
20240042,2025-2026,1st,EN BMKTG,Business Marketing,C,3,MWF/ 3:00-4:00 PM,CCB 4,
20240042,2025-2026,1st,PATHFIT 2,Physical Activity Towards Health and Fitness,C,2,TTH/ 1:00-2:00 PM,CCB 4,
20240042,2025-2026,1st,GE 6,Purposive Communication,C,3,TTH/ 10:00-11:30 AM,CCB 9,
20240042,2025-2026,1st,EN OM,Enhancement Organization and Management,C,3,MWF/ 1:00-2:00 PM,CCB 10,
20240042,2025-2026,1st,ENT 103,Human Resource Management,C,3,MWF/ 5:30-6:30 PM,CCB 5,
20240042,2025-2026,1st,ENT 102,Pricing and Costing,C,3,MWF/ 11:00-12:00 PM,CCB 6,
20240043,2025-2026,1st,BME 105,Operations Management (TQM),C,3,TTH/ 2:30-4:00 PM,CCB 6,
20240043,2025-2026,1st,GE 6,Purposive Communication,C,3,TTH/ 10:00-11:30 AM,CCB 9,
20240043,2025-2026,1st,NSTP 2,National Service Training Program,C,3,SAT/ 1:00-5:00 PM,CCB Grounds,
20240043,2025-2026,1st,EN BMKTG,Business Marketing,C,3,MWF/ 3:00-4:00 PM,CCB 4,
20240043,2025-2026,1st,ENT 103,Human Resource Management,C,3,MWF/ 5:30-6:30 PM,CCB 5,
20240043,2025-2026,1st,EN OM,Enhancement Organization and Management,C,3,MWF/ 1:00-2:00 PM,CCB 10,
20240043,2025-2026,1st,ENT 102,Pricing and Costing,C,3,MWF/ 11:00-12:00 PM,CCB 6,
20240043,2025-2026,1st,PATHFIT 2,Physical Activity Towards Health and Fitness,C,2,TTH/ 1:00-2:00 PM,CCB 4,
20240043,2025-2026,1st,ENT 104,Innovation Management,C,3,MWF/ 6:30-7:30 PM,CCB 10,
20240044,2025-2026,1st,PATHFIT 2,Physical Activity Towards Health and Fitness,C,2,TTH/ 1:00-2:00 PM,CCB 4,
20240044,2025-2026,1st,ENT 104,Innovation Management,C,3,MWF/ 6:30-7:30 PM,CCB 10,
20240044,2025-2026,1st,EN BMKTG,Business Marketing,C,3,MWF/ 3:00-4:00 PM,CCB 4,
20240044,2025-2026,1st,BME 105,Operations Management (TQM),C,3,TTH/ 2:30-4:00 PM,CCB 6,
20240044,2025-2026,1st,GE 6,Purposive Communication,C,3,TTH/ 10:00-11:30 AM,CCB 9,
20240044,2025-2026,1st,ENT 103,Human Resource Management,C,3,MWF/ 5:30-6:30 PM,CCB 5,
20240044,2025-2026,1st,EN OM,Enhancement Organization and Management,C,3,MWF/ 1:00-2:00 PM,CCB 10,
20240044,2025-2026,1st,NSTP 2,National Service Training Program,C,3,SAT/ 1:00-5:00 PM,CCB Grounds,
20240044,2025-2026,1st,ENT 102,Pricing and Costing,C,3,MWF/ 11:00-12:00 PM,CCB 6,
20240045,2025-2026,1st,ENT 102,Pricing and Costing,C,3,MWF/ 11:00-12:00 PM,CCB 6,
20240045,2025-2026,1st,GE 6,Purposive Communication,C,3,TTH/ 10:00-11:30 AM,CCB 9,
20240045,2025-2026,1st,EN OM,Enhancement Organization and Management,C,3,MWF/ 1:00-2:00 PM,CCB 10,
20240045,2025-2026,1st,NSTP 2,National Service Training Program,C,3,SAT/ 1:00-5:00 PM,CCB Grounds,
20240045,2025-2026,1st,EN BMKTG,Business Marketing,C,3,MWF/ 3:00-4:00 PM,CCB 4,
20240045,2025-2026,1st,ENT 104,Innovation Management,C,3,MWF/ 6:30-7:30 PM,CCB 10,
20240045,2025-2026,1st,PATHFIT 2,Physical Activity Towards Health and Fitness,C,2,TTH/ 1:00-2:00 PM,CCB 4,
20240045,2025-2026,1st,ENT 103,Human Resource Management,C,3,MWF/ 5:30-6:30 PM,CCB 5,
20240045,2025-2026,1st,BME 105,Operations Management (TQM),C,3,TTH/ 2:30-4:00 PM,CCB 6,
20240046,2025-2026,1st,ENT 103,Human Resource Management,C,3,MWF/ 5:30-6:30 PM,CCB 5,
20240046,2025-2026,1st,ENT 104,Innovation Management,C,3,MWF/ 6:30-7:30 PM,CCB 10,
20240046,2025-2026,1st,NSTP 2,National Service Training Program,C,3,SAT/ 1:00-5:00 PM,CCB Grounds,
20240046,2025-2026,1st,GE 6,Purposive Communication,C,3,TTH/ 10:00-11:30 AM,CCB 9,
20240046,2025-2026,1st,BME 105,Operations Management (TQM),C,3,TTH/ 2:30-4:00 PM,CCB 6,
20240046,2025-2026,1st,EN OM,Enhancement Organization and Management,C,3,MWF/ 1:00-2:00 PM,CCB 10,
20240046,2025-2026,1st,PATHFIT 2,Physical Activity Towards Health and Fitness,C,2,TTH/ 1:00-2:00 PM,CCB 4,
20240046,2025-2026,1st,EN BMKTG,Business Marketing,C,3,MWF/ 3:00-4:00 PM,CCB 4,
20240046,2025-2026,1st,ENT 102,Pricing and Costing,C,3,MWF/ 11:00-12:00 PM,CCB 6,
20240047,2025-2026,1st,BME 105,Operations Management (TQM),C,3,TTH/ 2:30-4:00 PM,CCB 6,
20240047,2025-2026,1st,ENT 104,Innovation Management,C,3,MWF/ 6:30-7:30 PM,CCB 10,
20240047,2025-2026,1st,ENT 102,Pricing and Costing,C,3,MWF/ 11:00-12:00 PM,CCB 6,
20240047,2025-2026,1st,EN BMKTG,Business Marketing,C,3,MWF/ 3:00-4:00 PM,CCB 4,
20240047,2025-2026,1st,PATHFIT 2,Physical Activity Towards Health and Fitness,C,2,TTH/ 1:00-2:00 PM,CCB 4,
20240047,2025-2026,1st,EN OM,Enhancement Organization and Management,C,3,MWF/ 1:00-2:00 PM,CCB 10,
20240047,2025-2026,1st,GE 6,Purposive Communication,C,3,TTH/ 10:00-11:30 AM,CCB 9,
20240047,2025-2026,1st,ENT 103,Human Resource Management,C,3,MWF/ 5:30-6:30 PM,CCB 5,
20240047,2025-2026,1st,NSTP 2,National Service Training Program,C,3,SAT/ 1:00-5:00 PM,CCB Grounds,
20240048,2025-2026,1st,PATHFIT 2,Physical Activity Towards Health and Fitness,C,2,TTH/ 1:00-2:00 PM,CCB 4,
20240048,2025-2026,1st,NSTP 2,National Service Training Program,C,3,SAT/ 1:00-5:00 PM,CCB Grounds,
20240048,2025-2026,1st,GE 6,Purposive Communication,C,3,TTH/ 10:00-11:30 AM,CCB 9,
20240048,2025-2026,1st,EN OM,Enhancement Organization and Management,C,3,MWF/ 1:00-2:00 PM,CCB 10,
20240048,2025-2026,1st,EN BMKTG,Business Marketing,C,3,MWF/ 3:00-4:00 PM,CCB 4,
20240048,2025-2026,1st,BME 105,Operations Management (TQM),C,3,TTH/ 2:30-4:00 PM,CCB 6,
20240048,2025-2026,1st,ENT 103,Human Resource Management,C,3,MWF/ 5:30-6:30 PM,CCB 5,
20240048,2025-2026,1st,ENT 102,Pricing and Costing,C,3,MWF/ 11:00-12:00 PM,CCB 6,
20240048,2025-2026,1st,ENT 104,Innovation Management,C,3,MWF/ 6:30-7:30 PM,CCB 10,
20240049,2025-2026,1st,PATHFIT 2,Physical Activity Towards Health and Fitness,C,2,TTH/ 1:00-2:00 PM,CCB 4,
20240049,2025-2026,1st,EN OM,Enhancement Organization and Management,C,3,MWF/ 1:00-2:00 PM,CCB 10,
20240049,2025-2026,1st,BME 105,Operations Management (TQM),C,3,TTH/ 2:30-4:00 PM,CCB 6,
20240049,2025-2026,1st,ENT 104,Innovation Management,C,3,MWF/ 6:30-7:30 PM,CCB 10,
20240049,2025-2026,1st,EN BMKTG,Business Marketing,C,3,MWF/ 3:00-4:00 PM,CCB 4,
20240049,2025-2026,1st,ENT 102,Pricing and Costing,C,3,MWF/ 11:00-12:00 PM,CCB 6,
20240049,2025-2026,1st,GE 6,Purposive Communication,C,3,TTH/ 10:00-11:30 AM,CCB 9,
20240049,2025-2026,1st,NSTP 2,National Service Training Program,C,3,SAT/ 1:00-5:00 PM,CCB Grounds,
20240049,2025-2026,1st,ENT 103,Human Resource Management,C,3,MWF/ 5:30-6:30 PM,CCB 5,
20240050,2025-2026,1st,EN OM,Enhancement Organization and Management,C,3,MWF/ 1:00-2:00 PM,CCB 10,
20240050,2025-2026,1st,ENT 102,Pricing and Costing,C,3,MWF/ 11:00-12:00 PM,CCB 6,
20240050,2025-2026,1st,EN BMKTG,Business Marketing,C,3,MWF/ 3:00-4:00 PM,CCB 4,
20240050,2025-2026,1st,ENT 104,Innovation Management,C,3,MWF/ 6:30-7:30 PM,CCB 10,
20240050,2025-2026,1st,GE 6,Purposive Communication,C,3,TTH/ 10:00-11:30 AM,CCB 9,
20240050,2025-2026,1st,PATHFIT 2,Physical Activity Towards Health and Fitness,C,2,TTH/ 1:00-2:00 PM,CCB 4,
20240050,2025-2026,1st,NSTP 2,National Service Training Program,C,3,SAT/ 1:00-5:00 PM,CCB Grounds,
20240050,2025-2026,1st,ENT 103,Human Resource Management,C,3,MWF/ 5:30-6:30 PM,CCB 5,
20240050,2025-2026,1st,BME 105,Operations Management (TQM),C,3,TTH/ 2:30-4:00 PM,CCB 6,
